,TIENDA_ID,PORCENTAJE_CUMPLIMIENTO,DATASET,EXITO
0,1,1.4893373824101073,TRAIN,0
1,2,1.8868503168124395,TRAIN,1
2,3,1.7417339096209914,TRAIN,1
3,4,2.6240021205053448,TRAIN,1
4,5,3.335165264334305,TRAIN,1
5,6,1.3753915908649177,TRAIN,0
6,7,1.85858751797862,TRAIN,1
7,8,2.021217507936508,TRAIN,1
8,9,2.9938192118561706,TRAIN,1
9,10,1.1277455148809523,TEST,0
10,11,1.2384750544217689,TRAIN,0
11,12,1.9875615257531585,TRAIN,1
12,13,2.32964873015873,TRAIN,1
13,14,2.0160785520487265,TRAIN,1
14,15,1.0679680103359173,TRAIN,0
15,16,2.1158050728862974,TRAIN,1
16,17,1.554851264583333,TRAIN,1
17,18,2.562934415306122,TRAIN,1
18,19,0.9229436365403304,TRAIN,0
19,20,2.052313167763158,TEST,1
20,21,2.504535326530612,TRAIN,1
21,22,1.9084277026239065,TRAIN,1
22,23,1.7698204549649317,TRAIN,1
23,24,1.294251441491325,TRAIN,0
24,25,2.323558985119047,TRAIN,1
25,26,1.7713050039682543,TRAIN,1
26,27,1.631330156746032,TRAIN,1
27,28,1.9061065801749264,TRAIN,1
28,29,1.263427165005537,TRAIN,0
29,30,2.089784742063492,TEST,1
30,31,2.954339231292517,TRAIN,1
31,32,1.353289319727891,TRAIN,0
32,33,2.931566724206349,TRAIN,1
33,34,2.2240190436507934,TRAIN,1
34,35,1.589539880952381,TRAIN,1
35,36,2.531683937803693,TRAIN,1
36,37,1.303456937803693,TRAIN,0
37,38,1.5937265263935032,TRAIN,1
38,39,1.4660557110557402,TRAIN,0
39,40,3.669617149317091,TEST,1
40,41,2.062510589285714,TRAIN,1
41,42,1.65730054324587,TRAIN,1
42,43,1.449300152575316,TRAIN,0
43,44,1.638368329446064,TRAIN,1
44,45,1.5535648445092327,TRAIN,1
45,46,1.7549904975704564,TRAIN,1
46,47,1.8099602244897963,TRAIN,1
47,48,2.358009068027211,TRAIN,1
48,49,3.309351933370248,TRAIN,1
49,50,3.0064105257531586,TEST,1
50,51,2.887076375992064,TRAIN,1
51,52,1.5968062678571429,TRAIN,1
52,53,2.182040378875969,TRAIN,1
53,54,2.1503144781746037,TRAIN,1
54,55,3.053928785714286,TRAIN,1
55,56,1.0503497502429542,TRAIN,0
56,57,2.0419941980435588,TRAIN,1
57,58,1.1962366897379106,TRAIN,0
58,59,2.229330860119048,TRAIN,1
59,60,1.9336507803692904,TEST,1
60,61,3.868040490079366,TRAIN,1
61,62,1.6581082460317462,TRAIN,1
62,63,2.88962979494655,TRAIN,1
63,64,1.1471039673311183,TRAIN,0
64,65,3.734783255587951,TRAIN,1
65,66,2.3393119339164232,TRAIN,1
66,67,1.4011069850498337,TRAIN,0
67,68,2.2902524295432456,TRAIN,1
68,69,2.0364791603498547,TRAIN,1
69,70,2.055130585086748,TEST,1
70,71,1.36653591468254,TRAIN,0
71,72,2.9185448052786995,TRAIN,1
72,73,1.5643181488095237,TRAIN,1
73,74,1.569984929563492,TRAIN,1
74,75,2.8198099335548177,TRAIN,1
75,76,1.6745121797862004,TRAIN,1
76,77,2.608272285714285,TRAIN,1
77,78,1.7932145539358595,TRAIN,1
78,79,2.813148723214286,TRAIN,1
79,80,1.5193032881438289,TEST,1
80,81,2.340042534499515,TRAIN,1
81,82,2.898045540674602,TRAIN,1
82,83,2.184837638483965,TRAIN,1
83,84,3.023835832847425,TRAIN,1
84,85,1.3330166223698785,TRAIN,0
85,86,3.244713488824101,TRAIN,1
86,87,4.175831667589517,TRAIN,1
87,88,2.829426821705426,TRAIN,1
88,89,1.6341448814382895,TRAIN,1
89,90,2.380693853255588,TEST,1
90,91,2.35969972303207,TRAIN,1
91,92,3.292363242894057,TRAIN,1
92,93,1.3573511821705428,TRAIN,0
93,94,2.619210227405248,TRAIN,1
94,95,2.394250367346939,TRAIN,1
95,96,3.0124565476190472,TRAIN,1
96,97,1.9101127026239075,TRAIN,1
97,98,2.795119889258029,TRAIN,1
98,99,2.3864991098153547,TRAIN,1
99,100,2.8654193236151606,TEST,1
100,101,2.4656168338192423,TRAIN,1
101,102,2.5277434868804667,TRAIN,1
102,103,2.0674156977648206,TRAIN,1
103,104,0.945257591836735,TRAIN,0
104,105,2.7405572303207,TRAIN,1
105,106,3.915640551020408,TRAIN,1
106,107,2.9419099494655003,TRAIN,1
107,108,1.9212610853174603,TRAIN,1
108,109,1.3640535519922254,TRAIN,0
109,110,3.676069341107871,TEST,1
110,111,1.3863037569444443,TRAIN,0
111,112,2.3062136736111114,TRAIN,1
112,113,2.898078847959184,TRAIN,1
113,114,2.4567813690476186,TRAIN,1
114,115,2.1524757170542625,TRAIN,1
115,116,2.5366999105928087,TRAIN,1
116,117,1.0245661884920636,TRAIN,0
117,118,1.924726909620992,TRAIN,1
118,119,3.1584995617103986,TRAIN,1
119,120,3.923628396501457,TEST,1
120,121,1.6389905811467445,TRAIN,1
121,122,2.412110787698413,TRAIN,1
122,123,3.842362840621963,TRAIN,1
123,124,2.4254808244047616,TRAIN,1
124,125,3.0540093683187566,TRAIN,1
125,126,2.013702991253644,TRAIN,1
126,127,1.8442852128279887,TRAIN,1
127,128,1.807019819444445,TRAIN,1
128,129,1.8069601765873016,TRAIN,1
129,130,4.021708159722222,TEST,1
130,131,1.8020026132167155,TRAIN,1
131,132,4.10813740330418,TRAIN,1
132,133,2.1406594878183838,TRAIN,1
133,134,3.064237338501292,TRAIN,1
134,135,3.769076990281828,TRAIN,1
135,136,3.8843792137998063,TRAIN,1
136,137,1.956805691933916,TRAIN,1
137,138,1.5185633757844224,TRAIN,1
138,139,2.392644972789116,TRAIN,1
139,140,3.591999781746032,TEST,1
140,141,2.72193533819242,TRAIN,1
141,142,3.368839893100097,TRAIN,1
142,143,1.9727455072886293,TRAIN,1
143,144,3.2921669195275003,TRAIN,1
144,145,2.171825851311953,TRAIN,1
145,146,2.636709638541667,TRAIN,1
146,147,3.311873763888889,TRAIN,1
147,148,2.7304102222222224,TRAIN,1
148,149,2.5984712777777785,TRAIN,1
149,150,2.290462476190476,TEST,1
150,151,1.7907657327502426,TRAIN,1
151,152,2.2035905383867838,TRAIN,1
152,153,1.9182493290882243,TRAIN,1
153,154,1.6891587212301586,TRAIN,1
154,155,2.6938902906976745,TRAIN,1
155,156,2.378661865889213,TRAIN,1
156,157,6.103353245039682,TRAIN,1
157,158,2.2087099504373184,TRAIN,1
158,159,3.5007043663751216,TRAIN,1
159,160,4.396351046626984,TEST,1
160,161,2.520472713293651,TRAIN,1
161,162,3.668687499007936,TRAIN,1
162,163,1.6106548283730155,TRAIN,1
163,164,2.213719305555556,TRAIN,1
164,165,2.7716448194444445,TRAIN,1
165,166,2.3164424062196307,TRAIN,1
166,167,3.1802584470359565,TRAIN,1
167,168,2.274301445182725,TRAIN,1
168,169,2.536852237103175,TRAIN,1
169,170,1.938757956268221,TEST,1
170,171,2.2358349556122445,TRAIN,1
171,172,2.360505692344961,TRAIN,1
172,173,2.407623857142857,TRAIN,1
173,174,3.95991378425656,TRAIN,1
174,175,5.81447351984127,TRAIN,1
175,176,2.8299331895043727,TRAIN,1
176,177,1.496331948412699,TRAIN,0
177,178,2.160487557539682,TRAIN,1
178,179,3.2714490136054417,TRAIN,1
179,180,2.1583379335317465,TEST,1
180,181,4.241040517006802,TRAIN,1
181,182,3.2122757764820213,TRAIN,1
182,183,2.3494263999630856,TRAIN,1
183,184,2.963569761904762,TRAIN,1
184,185,2.2109869795127355,TRAIN,1
185,186,3.957618472222222,TRAIN,1
186,187,2.6417817986111114,TRAIN,1
187,188,1.5289610299003324,TRAIN,1
188,189,1.8409418075396828,TRAIN,1
189,190,2.4901219300291544,TEST,1
190,191,0.906468900885936,TRAIN,0
191,192,2.330705864087302,TRAIN,1
192,193,2.0851453104956272,TRAIN,1
193,194,2.646882890873016,TRAIN,1
194,195,1.4479089261418854,TRAIN,0
195,196,4.563878835363604,TRAIN,1
196,197,2.0845025982142857,TRAIN,1
197,198,1.660619953373016,TRAIN,1
198,199,1.484155773809524,TRAIN,0
199,200,2.974911798833819,TEST,1
200,201,1.828340318383167,TRAIN,1
201,202,2.101263037698412,TRAIN,1
202,203,1.8085444057539684,TRAIN,1
203,204,5.136421155753967,TRAIN,1
204,205,2.1605882235142118,TRAIN,1
205,206,2.562757141934293,TRAIN,1
206,207,3.815155820436508,TRAIN,1
207,208,2.528215926587301,TRAIN,1
208,209,4.1363618189368765,TRAIN,1
209,210,2.4075483833333333,TEST,1
210,211,2.6340609893100093,TRAIN,1
211,212,3.699666742063491,TRAIN,1
212,213,2.1310848883351787,TRAIN,1
213,214,2.462542553525287,TRAIN,1
214,215,2.5817327464008857,TRAIN,1
215,216,2.2995455315840614,TRAIN,1
216,217,2.4900367385811464,TRAIN,1
217,218,4.76467067249757,TRAIN,1
218,219,4.054271046938776,TRAIN,1
219,220,2.6352058756073857,TEST,1
220,221,3.891639940937615,TRAIN,1
221,222,1.5099129844961243,TRAIN,1
222,223,2.818695293488824,TRAIN,1
223,224,2.716770100590624,TRAIN,1
224,225,1.5603497142857143,TRAIN,1
225,226,2.651516560538944,TRAIN,1
226,227,2.252302329272794,TRAIN,1
227,228,2.925283183531746,TRAIN,1
228,229,1.8868837799926168,TRAIN,1
229,230,2.0983636812439257,TEST,1
230,231,2.375717223517979,TRAIN,1
231,232,3.417226396271687,TRAIN,1
232,233,1.0303258849206351,TRAIN,0
233,234,3.262870581395349,TRAIN,1
234,235,1.6839449791666667,TRAIN,1
235,236,2.8161706394557826,TRAIN,1
236,237,2.8239268270165208,TRAIN,1
237,238,1.9614537492711368,TRAIN,1
238,239,2.686631146744412,TRAIN,1
239,240,2.903143398809524,TEST,1
240,241,2.008734552417866,TRAIN,1
241,242,1.6319074244186047,TRAIN,1
242,243,3.25249892211148,TRAIN,1
243,244,1.90472209718173,TRAIN,1
244,245,1.880231619047619,TRAIN,1
245,246,1.687825206349206,TRAIN,1
246,247,1.9281067570456756,TRAIN,1
247,248,1.8167138779761904,TRAIN,1
248,249,2.756525236111111,TRAIN,1
249,250,3.943128484936832,TEST,1
250,251,2.633562263750462,TRAIN,1
251,252,1.9669860308231812,TRAIN,1
252,253,1.8319468824101075,TRAIN,1
253,254,1.9875545898931,TRAIN,1
254,255,3.708037112730808,TRAIN,1
255,256,1.5163187026239064,TRAIN,1
256,257,2.433960051506317,TRAIN,1
257,258,3.8691480048590856,TRAIN,1
258,259,1.3285285426587303,TRAIN,0
259,260,3.1864139135082605,TEST,1
260,261,3.794950056547619,TRAIN,1
261,262,2.494569058693245,TRAIN,1
262,263,1.9754863275024293,TRAIN,1
263,264,1.6884367956349204,TRAIN,1
264,265,1.3276771302235182,TRAIN,0
265,266,1.114191453488372,TRAIN,0
266,267,1.9864934950396829,TRAIN,1
267,268,2.85664170436508,TRAIN,1
268,269,1.1403089657738092,TRAIN,0
269,270,4.13973415282392,TEST,1
270,271,3.156524474246841,TRAIN,1
271,272,3.168483486880466,TRAIN,1
272,273,2.602361421626984,TRAIN,1
273,274,1.7994064876338134,TRAIN,1
274,275,1.753900771622935,TRAIN,1
275,276,2.8544501559616093,TRAIN,1
276,277,1.7207135289774829,TRAIN,1
277,278,2.391831100097181,TRAIN,1
278,279,2.377194241982508,TRAIN,1
279,280,1.8966619319727889,TEST,1
280,281,3.7396739591836736,TRAIN,1
281,282,2.381890101513474,TRAIN,1
282,283,1.8807769037900877,TRAIN,1
283,284,5.112014642857141,TRAIN,1
284,285,4.357422850340137,TRAIN,1
285,286,1.8395227777777776,TRAIN,1
286,287,4.808258838293652,TRAIN,1
287,288,1.7709740843253967,TRAIN,1
288,289,1.4678792419825075,TRAIN,0
289,290,2.82872075,TEST,1
290,291,2.7301387755102047,TRAIN,1
291,292,2.867922341107872,TRAIN,1
292,293,2.421495125992064,TRAIN,1
293,294,2.101333493683188,TRAIN,1
294,295,3.321264925249169,TRAIN,1
295,296,2.6985096384839653,TRAIN,1
296,297,1.4839854596695825,TRAIN,0
297,298,2.243414842403628,TRAIN,1
298,299,1.835189635568513,TRAIN,1
299,300,3.032201789405684,TEST,1
300,301,2.7443945170068025,TRAIN,1
301,302,2.6927948492063494,TRAIN,1
302,303,2.3506183690476194,TRAIN,1
303,304,1.7088938244047618,TRAIN,1
304,305,2.1593585436507934,TRAIN,1
305,306,1.702780904761905,TRAIN,1
306,307,2.5342369893100103,TRAIN,1
307,308,5.65745888872692,TRAIN,1
308,309,3.2190123791066814,TRAIN,1
309,310,2.8837098931000966,TEST,1
310,311,2.552381356589148,TRAIN,1
311,312,3.388908368318756,TRAIN,1
312,313,1.542927840621963,TRAIN,1
313,314,2.684448366071429,TRAIN,1
314,315,2.358776671525754,TRAIN,1
315,316,3.782005696428572,TRAIN,1
316,317,2.631537756073858,TRAIN,1
317,318,2.1101430136054424,TRAIN,1
318,319,3.650199468415938,TRAIN,1
319,320,2.3800200524781343,TEST,1
320,321,1.8266719115646253,TRAIN,1
321,322,1.7017318015873018,TRAIN,1
322,323,3.108739344023324,TRAIN,1
323,324,2.449533669582118,TRAIN,1
324,325,3.174238802721089,TRAIN,1
325,326,2.5617246375121474,TRAIN,1
326,327,2.803942952380952,TRAIN,1
327,328,1.4226228995939465,TRAIN,0
328,329,1.755465631229236,TRAIN,1
329,330,3.238671413022352,TEST,1
330,331,2.455993459763751,TRAIN,1
331,332,1.4809141491325215,TRAIN,0
332,333,3.5828932546161325,TRAIN,1
333,334,3.501715382982651,TRAIN,1
334,335,2.368318210884354,TRAIN,1
335,336,3.0429949811507933,TRAIN,1
336,337,2.95062375898931,TRAIN,1
337,338,1.9867288697764824,TRAIN,1
338,339,3.541511721088435,TRAIN,1
339,340,1.6898652944606414,TEST,1
340,341,2.6707320535714287,TRAIN,1
341,342,2.2653813318756075,TRAIN,1
342,343,2.513463962099126,TRAIN,1
343,344,1.954739790087464,TRAIN,1
344,345,4.097498919339165,TRAIN,1
345,346,3.0349346394557823,TRAIN,1
346,347,1.504855159378037,TRAIN,1
347,348,2.9367921263362486,TRAIN,1
348,349,3.652023501984128,TRAIN,1
349,350,2.7423503257659654,TEST,1
350,351,1.872980849206349,TRAIN,1
351,352,2.428877993055555,TRAIN,1
352,353,3.046974319727892,TRAIN,1
353,354,2.5328094553571425,TRAIN,1
354,355,2.4873006506316813,TRAIN,1
355,356,2.659831206025267,TRAIN,1
356,357,2.101969198250729,TRAIN,1
357,358,1.599979471230159,TRAIN,1
358,359,1.969701065111759,TRAIN,1
359,360,2.568623514091351,TEST,1
360,361,1.9200374965986395,TRAIN,1
361,362,2.267205059523809,TRAIN,1
362,363,2.1040381379980566,TRAIN,1
363,364,3.283080511175899,TRAIN,1
364,365,2.7503990575396826,TRAIN,1
365,366,1.8822105683673465,TRAIN,1
366,367,3.7433094822812847,TRAIN,1
367,368,2.178411743440233,TRAIN,1
368,369,2.5093357677356662,TRAIN,1
369,370,2.0626079465500484,TEST,1
370,371,3.0079498208616773,TRAIN,1
371,372,3.1659022653061224,TRAIN,1
372,373,2.2209562215743444,TRAIN,1
373,374,3.780782779761906,TRAIN,1
374,375,2.5367375109126984,TRAIN,1
375,376,1.3086638726919335,TRAIN,0
376,377,2.042169100198412,TRAIN,1
377,378,2.8999338522837705,TRAIN,1
378,379,1.9126582672497567,TRAIN,1
379,380,1.7762237936507936,TEST,1
380,381,1.711300953373016,TRAIN,1
381,382,1.2968299164237125,TRAIN,0
382,383,2.283662108843537,TRAIN,1
383,384,2.6461242507288625,TRAIN,1
384,385,2.6421100864917397,TRAIN,1
385,386,1.5567967249757046,TRAIN,1
386,387,2.421921157434402,TRAIN,1
387,388,1.6083889042759962,TRAIN,1
388,389,2.9254329305555555,TRAIN,1
389,390,2.5027499246031755,TEST,1
390,391,2.00688957936508,TRAIN,1
391,392,2.3436034699150974,TRAIN,1
392,393,2.3918931428571426,TRAIN,1
393,394,2.254533782312925,TRAIN,1
394,395,2.4206937657920307,TRAIN,1
395,396,3.2223152750092283,TRAIN,1
396,397,1.352603645286686,TRAIN,0
397,398,3.0401905665694846,TRAIN,1
398,399,1.7313574198250727,TRAIN,1
399,400,1.4585589028182704,TEST,0
400,401,2.2070659737609333,TRAIN,1
401,402,1.924894469873664,TRAIN,1
402,403,2.6947954606414,TRAIN,1
403,404,2.498366979166667,TRAIN,1
404,405,1.53992245734127,TRAIN,1
405,406,1.857096192905734,TRAIN,1
406,407,1.85263280625,TRAIN,1
407,408,3.348419200194363,TRAIN,1
408,409,1.487772970845481,TRAIN,0
409,410,1.878373154761905,TEST,1
410,411,1.6291406861030124,TRAIN,1
411,412,2.856304079689019,TRAIN,1
412,413,2.6660510734126985,TRAIN,1
413,414,2.560510940719145,TRAIN,1
414,415,2.0221482847424683,TRAIN,1
415,416,2.9956191389698725,TRAIN,1
416,417,1.8133649900793651,TRAIN,1
417,418,2.53347149271137,TRAIN,1
418,419,2.5211360709426627,TRAIN,1
419,420,1.935453361941676,TEST,1
420,421,3.3924299135082605,TRAIN,1
421,422,2.5881262251984136,TRAIN,1
422,423,2.1282155138888883,TRAIN,1
423,424,1.739558001943634,TRAIN,1
424,425,3.4473931904761894,TRAIN,1
425,426,1.7174081939830197,TRAIN,1
426,427,2.16413190281827,TRAIN,1
427,428,2.8653860777453843,TRAIN,1
428,429,2.896470272817461,TRAIN,1
429,430,4.192148196307094,TEST,1
430,431,2.017340931000972,TRAIN,1
431,432,2.3457857745383865,TRAIN,1
432,433,1.6918194007936511,TRAIN,1
433,434,1.5220271263362488,TRAIN,1
434,435,3.281436502429543,TRAIN,1
435,436,4.818152081632654,TRAIN,1
436,437,3.4000130019436345,TRAIN,1
437,438,2.0635843236151605,TRAIN,1
438,439,2.3234393479105933,TRAIN,1
439,440,1.754341101068999,TEST,1
440,441,1.7529186754130222,TRAIN,1
441,442,1.80814378036929,TRAIN,1
442,443,2.756043350826045,TRAIN,1
443,444,2.697987003887269,TRAIN,1
444,445,3.248223908730159,TRAIN,1
445,446,2.415201328474246,TRAIN,1
446,447,1.2315068294460645,TRAIN,0
447,448,2.3500737192460317,TRAIN,1
448,449,2.3080031234207974,TRAIN,1
449,450,2.4181266336248783,TEST,1
450,451,1.6174184275793653,TRAIN,1
451,452,1.6888386478174604,TRAIN,1
452,453,1.890969931547619,TRAIN,1
453,454,1.65302239941691,TRAIN,1
454,455,0.9723029368318756,TRAIN,0
455,456,2.129343366375122,TRAIN,1
456,457,1.6680320077745383,TRAIN,1
457,458,1.6628475996112728,TRAIN,1
458,459,2.6011980184645287,TRAIN,1
459,460,2.79827162585034,TEST,1
460,461,3.67317766569485,TRAIN,1
461,462,1.605686611111111,TRAIN,1
462,463,1.4401464256559766,TRAIN,0
463,464,1.1741952215743434,TRAIN,0
464,465,1.907593867063492,TRAIN,1
465,466,0.9356826404275996,TRAIN,0
466,467,3.601189695821186,TRAIN,1
467,468,2.00895705733722,TRAIN,1
468,469,2.0767902261904765,TRAIN,1
469,470,1.6348489689018462,TEST,1
470,471,1.7427155773809524,TRAIN,1
471,472,1.525817548911037,TRAIN,1
472,473,2.597456250728864,TRAIN,1
473,474,1.5659205422740523,TRAIN,1
474,475,2.035830657920311,TRAIN,1
475,476,1.8933111666666669,TRAIN,1
476,477,2.240917907677357,TRAIN,1
477,478,2.408912306122449,TRAIN,1
478,479,1.7973976827242524,TRAIN,1
479,480,1.345982706511176,TEST,0
480,481,1.935242725947523,TRAIN,1
481,482,2.171410255629383,TRAIN,1
482,483,2.387288034985423,TRAIN,1
483,484,3.3272444859086496,TRAIN,1
484,485,1.8897466205357143,TRAIN,1
485,486,0.7925747794389072,TRAIN,0
486,487,1.8107091098153556,TRAIN,1
487,488,1.4695211963070942,TRAIN,0
488,489,1.4207294441205054,TRAIN,0
489,490,1.7548766831875608,TEST,1
490,491,2.4947041185617103,TRAIN,1
491,492,1.837265093253968,TRAIN,1
492,493,3.128069166666667,TRAIN,1
493,494,2.7551776428571437,TRAIN,1
494,495,1.5748146845238096,TRAIN,1
495,496,2.550664466269841,TRAIN,1
496,497,2.2856487745383878,TRAIN,1
497,498,1.52119608234127,TRAIN,1
498,499,1.4743018513119532,TRAIN,0
499,500,2.107840655004859,TEST,1
500,501,2.130195682215743,TRAIN,1
501,502,2.04051035218254,TRAIN,1
502,503,2.1105190466472306,TRAIN,1
503,504,2.8357377065111757,TRAIN,1
504,505,1.8010659503968256,TRAIN,1
505,506,1.9280061078717203,TRAIN,1
506,507,3.789075490767736,TRAIN,1
507,508,3.24243451797862,TRAIN,1
508,509,1.4911488105158732,TRAIN,0
509,510,1.919734146744412,TEST,1
510,511,1.5614969504373175,TRAIN,1
511,512,2.8123648406219632,TRAIN,1
512,513,2.36945875898931,TRAIN,1
513,514,1.7101257687074831,TRAIN,1
514,515,2.102110674441205,TRAIN,1
515,516,0.8957650447035955,TRAIN,0
516,517,1.617635752186589,TRAIN,1
517,518,2.578061017492712,TRAIN,1
518,519,1.9951750297619044,TRAIN,1
519,520,2.564734330417881,TEST,1
520,521,2.737449097452935,TRAIN,1
521,522,2.7400529660391286,TRAIN,1
522,523,2.258603147817461,TRAIN,1
523,524,2.7326117803692904,TRAIN,1
524,525,1.003852511904762,TRAIN,0
525,526,1.803456948412698,TRAIN,1
526,527,1.8553840787172011,TRAIN,1
527,528,1.6712670204081634,TRAIN,1
528,529,1.2615947162293486,TRAIN,0
529,530,2.0053829416909625,TEST,1
530,531,1.672312740524781,TRAIN,1
531,532,1.2408334518950437,TRAIN,0
532,533,1.4059858032069967,TRAIN,0
533,534,2.555213006802721,TRAIN,1
534,535,0.899434427579365,TRAIN,0
535,536,1.8749711768707489,TRAIN,1
536,537,1.4934940803571428,TRAIN,0
537,538,2.216057419825074,TRAIN,1
538,539,2.9853606279761906,TRAIN,1
539,540,2.753396782312925,TEST,1
540,541,2.5670130485908644,TRAIN,1
541,542,2.060638923226433,TRAIN,1
542,543,2.536695191448008,TRAIN,1
543,544,1.3641277968901846,TRAIN,0
544,545,1.7893236061507936,TRAIN,1
545,546,1.979510023809524,TRAIN,1
546,547,0.912850132936508,TRAIN,0
547,548,2.3016984315476194,TRAIN,1
548,549,2.1927627026239063,TRAIN,1
549,550,2.8719885549076776,TEST,1
550,551,2.546539397473275,TRAIN,1
551,552,1.3166941030126336,TRAIN,0
552,553,2.2853588799603166,TRAIN,1
553,554,3.812420193798451,TRAIN,1
554,555,2.314006062196307,TRAIN,1
555,556,2.381124173955296,TRAIN,1
556,557,2.9076094382896023,TRAIN,1
557,558,1.3737695947521864,TRAIN,0
558,559,2.403123164237123,TRAIN,1
559,560,3.101784995140913,TEST,1
560,561,1.8258794285714288,TRAIN,1
561,562,1.193334430515063,TRAIN,0
562,563,2.219961330357143,TRAIN,1
563,564,2.2876937949465503,TRAIN,1
564,565,1.7031058678328472,TRAIN,1
565,566,1.1809310553935863,TRAIN,0
566,567,3.591338948412698,TRAIN,1
567,568,1.9730107269193389,TRAIN,1
568,569,1.869385219638243,TRAIN,1
569,570,3.771386080660836,TEST,1
570,571,2.9187853974732745,TRAIN,1
571,572,1.5122559698736642,TRAIN,1
572,573,1.4790257512147718,TRAIN,0
573,574,1.3468309757045678,TRAIN,0
574,575,2.318412622934888,TRAIN,1
575,576,1.5710599786200194,TRAIN,1
576,577,1.8314638700396824,TRAIN,1
577,578,1.939250074829932,TRAIN,1
578,579,1.471113954324587,TRAIN,0
579,580,2.39644740079365,TEST,1
580,581,1.2571597132936507,TRAIN,0
581,582,2.0851292196307094,TRAIN,1
582,583,1.9449886929057336,TRAIN,1
583,584,2.810651409135083,TRAIN,1
584,585,1.1900631321671526,TRAIN,0
585,586,1.368205003968254,TRAIN,0
586,587,1.5733626326530614,TRAIN,1
587,588,2.3927984255952377,TRAIN,1
588,589,2.427400722060253,TRAIN,1
589,590,1.8379642254616133,TEST,1
590,591,3.062191164237123,TRAIN,1
591,592,1.5573928474246843,TRAIN,1
592,593,1.7809923158406218,TRAIN,1
593,594,1.902496428571429,TRAIN,1
594,595,2.7993462410714285,TRAIN,1
595,596,2.0626224917395533,TRAIN,1
596,597,2.2720427706511184,TRAIN,1
597,598,2.5338017798833823,TRAIN,1
598,599,1.9812361263362488,TRAIN,1
599,600,2.7151973488824104,TEST,1
600,601,1.585718591836735,TRAIN,1
601,602,2.783045749271137,TRAIN,1
602,603,1.8359307876984123,TRAIN,1
603,604,3.2389627696793,TRAIN,1
604,605,2.0868170634920635,TRAIN,1
605,606,1.386707434888241,TRAIN,0
606,607,1.0033079464285717,TRAIN,0
607,608,3.965591176870749,TRAIN,1
608,609,2.136812092322643,TRAIN,1
609,610,1.914857968901846,TEST,1
610,611,2.585436670634921,TRAIN,1
611,612,2.7338697959183667,TRAIN,1
612,613,2.200828427599611,TRAIN,1
613,614,1.35174526627794,TRAIN,0
614,615,1.3929553521825395,TRAIN,0
615,616,1.4670381671525752,TRAIN,0
616,617,2.3422618445092325,TRAIN,1
617,618,1.5475787390873017,TRAIN,1
618,619,1.381493002915452,TRAIN,0
619,620,1.704906202380952,TEST,1
620,621,1.6328747698412698,TRAIN,1
621,622,1.5245196805555554,TRAIN,1
622,623,1.2850043372206024,TRAIN,0
623,624,2.29967633819242,TRAIN,1
624,625,2.10886445675413,TRAIN,1
625,626,1.7300524946550049,TRAIN,1
626,627,1.5621263517978623,TRAIN,1
627,628,1.4469126822157434,TRAIN,0
628,629,4.929383029154519,TRAIN,1
629,630,1.5490144226190476,TEST,1
630,631,1.7466090233236151,TRAIN,1
631,632,1.2612267774538388,TRAIN,0
632,633,1.9739204120505347,TRAIN,1
633,634,2.182791548104956,TRAIN,1
634,635,2.1912167847222217,TRAIN,1
635,636,1.6086859378036928,TRAIN,1
636,637,1.195920832847425,TRAIN,0
637,638,1.738793049095607,TRAIN,1
638,639,2.296437417881438,TRAIN,1
639,640,1.487928516034985,TEST,0
640,641,1.3381488593576965,TRAIN,0
641,642,1.1838724612403102,TRAIN,0
642,643,1.947230984450923,TRAIN,1
643,644,1.2811556081349205,TRAIN,0
644,645,1.7981406520894068,TRAIN,1
645,646,1.121448958211856,TRAIN,0
646,647,2.423360862001944,TRAIN,1
647,648,1.2709475902777774,TRAIN,0
648,649,1.4654525451895044,TRAIN,0
649,650,1.9646983109815357,TEST,1
650,651,2.509832023809523,TRAIN,1
651,652,1.6279820744047615,TRAIN,1
652,653,1.5088354776482025,TRAIN,1
653,654,3.1610722113095235,TRAIN,1
654,655,1.7635796015549077,TRAIN,1
655,656,1.1471327817460315,TRAIN,0
656,657,2.667820841269841,TRAIN,1
657,658,1.2646457837301588,TRAIN,0
658,659,1.4388348888888889,TRAIN,0
659,660,1.125443244047619,TEST,0
660,661,1.5601359475218657,TRAIN,1
661,662,3.236569105758582,TRAIN,1
662,663,0.94627483234127,TRAIN,0
663,664,1.7728289329446063,TRAIN,1
664,665,2.713232224489796,TRAIN,1
665,666,2.003844294460641,TRAIN,1
666,667,2.053706633624879,TRAIN,1
667,668,2.1232920573372205,TRAIN,1
668,669,3.027787692460318,TRAIN,1
669,670,1.6462743898809524,TEST,1
670,671,2.281534358134921,TRAIN,1
671,672,2.578531435515873,TRAIN,1
672,673,1.133315804563492,TRAIN,0
673,674,2.0497962857142857,TRAIN,1
674,675,1.626309838293651,TRAIN,1
675,676,2.596032671525753,TRAIN,1
676,677,1.1658728309037902,TRAIN,0
677,678,2.0156766413994167,TRAIN,1
678,679,1.4730328999028184,TRAIN,0
679,680,1.3272460991253647,TEST,0
680,681,1.8410855413022356,TRAIN,1
681,682,1.9805586083576283,TRAIN,1
682,683,0.7896473002915453,TRAIN,0
683,684,0.8868345719246031,TRAIN,0
684,685,1.7666027053571427,TRAIN,1
685,686,2.5796407366375127,TRAIN,1
686,687,2.7232048610301263,TRAIN,1
687,688,1.1158553492063494,TRAIN,0
688,689,2.201093466472303,TRAIN,1
689,690,2.3027119186046514,TEST,1
690,691,1.8176581486880463,TRAIN,1
691,692,1.9889449543245872,TRAIN,1
692,693,0.9868973634596696,TRAIN,0
693,694,2.4369666851236618,TRAIN,1
694,695,1.4515503275024293,TRAIN,0
695,696,2.8965130106899903,TRAIN,1
696,697,1.9458375128968255,TRAIN,1
697,698,0.8196914402332364,TRAIN,0
698,699,1.4998093488824102,TRAIN,0
699,700,1.585513986394558,TEST,1
700,701,1.4986431666666669,TRAIN,0
701,702,1.9322771399416916,TRAIN,1
702,703,2.32953888143829,TRAIN,1
703,704,2.1815807549603177,TRAIN,1
704,705,1.498600756073858,TRAIN,0
705,706,1.714699003887269,TRAIN,1
706,707,2.0452371297376093,TRAIN,1
707,708,2.811238634920634,TRAIN,1
708,709,0.9302022862103174,TRAIN,0
709,710,1.331514062196307,TEST,0
710,711,1.368762354713314,TRAIN,0
711,712,1.4428981507936507,TRAIN,0
712,713,2.8984509513888885,TRAIN,1
713,714,1.8454757210884352,TRAIN,1
714,715,1.7062115150631678,TRAIN,1
715,716,2.4687268950437318,TRAIN,1
716,717,1.271832095804989,TRAIN,0
717,718,1.7715315879494655,TRAIN,1
718,719,2.4874184781341104,TRAIN,1
719,720,1.4147129280855204,TEST,0
720,721,2.8469068639455783,TRAIN,1
721,722,2.4631372480158733,TRAIN,1
722,723,1.860175293488824,TRAIN,1
723,724,1.4606095111758988,TRAIN,0
724,725,1.8831097385811475,TRAIN,1
725,726,2.0894998620019427,TRAIN,1
726,727,2.005884105928085,TRAIN,1
727,728,2.045467780369291,TRAIN,1
728,729,1.4499650367063492,TRAIN,0
729,730,2.736563726919339,TEST,1
730,731,1.7193928373015874,TRAIN,1
731,732,1.198290916423712,TRAIN,0
732,733,1.9253079980158732,TRAIN,1
733,734,2.554889481358435,TRAIN,1
734,735,2.642277840621963,TRAIN,1
735,736,2.4403592020408165,TRAIN,1
736,737,1.2000580734126982,TRAIN,0
737,738,2.292573656746032,TRAIN,1
738,739,0.8642314722222223,TRAIN,0
739,740,1.406176785228377,TEST,0
740,741,2.0959865821185626,TRAIN,1
741,742,1.049350619047619,TRAIN,0
742,743,3.15451928765792,TRAIN,1
743,744,1.2390747775932076,TRAIN,0
744,745,1.7249418740079363,TRAIN,1
745,746,1.383196628765792,TRAIN,0
746,747,1.3483827805463269,TRAIN,0
747,748,1.7939556662975265,TRAIN,1
748,749,1.4011597926587305,TRAIN,0
749,750,1.8779291933916424,TEST,1
750,751,2.6217465840621967,TRAIN,1
751,752,2.2737790843253967,TRAIN,1
752,753,1.5186345034013602,TRAIN,1
753,754,1.6679649883381924,TRAIN,1
754,755,2.0286954548104954,TRAIN,1
755,756,1.6903588824101068,TRAIN,1
756,757,1.9785466638981173,TRAIN,1
757,758,1.8399978720238093,TRAIN,1
758,759,1.8031584723032072,TRAIN,1
759,760,2.130436120505345,TEST,1
760,761,1.4842620745662602,TRAIN,0
761,762,1.942654739552964,TRAIN,1
762,763,0.7690819821428572,TRAIN,0
763,764,2.533859806547619,TRAIN,1
764,765,3.3975797988338194,TRAIN,1
765,766,2.1055215109126983,TRAIN,1
766,768,1.283603047348485,TRAIN,0
767,769,2.114249921626984,TRAIN,1
768,770,0.7112136858619417,TEST,0
769,771,1.6992435753158404,TRAIN,1
770,772,2.3554941681243924,TRAIN,1
771,773,2.60422032361516,TRAIN,1
772,774,2.304296179401993,TRAIN,1
773,775,1.1834115344995142,TRAIN,0
774,776,2.06924184159378,TRAIN,1
775,777,2.135242153547133,TRAIN,1
776,778,2.243097709325397,TRAIN,1
777,779,2.039625788690476,TRAIN,1
778,780,2.2527111683277963,TEST,1
779,781,1.256566058309038,TRAIN,0
780,782,1.1998287706511173,TRAIN,0
781,783,1.6463500728862972,TRAIN,1
782,784,1.1409065898931,TRAIN,0
783,785,2.580137590702948,TRAIN,1
784,786,1.528235737414966,TRAIN,1
785,787,1.3908034518950436,TRAIN,0
786,788,1.1691623887269194,TRAIN,0
787,789,1.5937061681243927,TRAIN,1
788,790,1.2483248483965017,TEST,0
789,791,1.486297011815252,TRAIN,0
790,792,1.6681946428571428,TRAIN,1
791,793,1.2784209871031746,TRAIN,0
792,794,1.2290040330417882,TRAIN,0
793,795,1.5550098966408272,TRAIN,1
794,796,1.6566311398809523,TRAIN,1
795,797,0.8463207216685122,TRAIN,0
796,798,1.5537647142857145,TRAIN,1
797,799,2.307218243926142,TRAIN,1
798,800,1.2449579149659864,TEST,0
799,801,1.2111484361111111,TRAIN,0
800,802,1.6024284138888891,TRAIN,1
801,803,1.1239930493421053,TRAIN,0
802,804,1.4879922517006805,TRAIN,0
803,805,1.7107377832847424,TRAIN,1
804,806,1.879926527777778,TRAIN,1
805,807,2.3211522264334308,TRAIN,1
806,808,1.3256803157051282,TRAIN,0
807,809,1.5316449238095238,TRAIN,1
808,810,1.3910270763888888,TEST,0
809,811,1.3910542099125365,TRAIN,0
810,812,1.1198870528211284,TRAIN,0
811,813,2.026246565597668,TRAIN,1
812,814,2.8875628984980617,TRAIN,1
813,815,1.05669449249031,TRAIN,0
814,816,1.079976993877551,TRAIN,0
815,817,1.5825841550387596,TRAIN,1
816,818,0.4603630708245244,TRAIN,0
817,819,1.4503961583333336,TRAIN,0
818,820,0.661279859055673,TEST,0
819,821,1.3736196027210883,TRAIN,0
820,822,1.463714738095238,TRAIN,0
821,823,1.5155212911564626,TRAIN,1
822,824,1.1691956577708007,TRAIN,0
823,825,0.9665593183673468,TRAIN,0
824,826,1.2011390347222224,TRAIN,0
825,827,3.3955691701388884,TRAIN,1
826,828,1.0795103653061224,TRAIN,0
827,829,0.9627664040816326,TRAIN,0
828,830,1.2319567797619049,TEST,0
829,831,1.107178455782313,TRAIN,0
830,832,1.0120831897959184,TRAIN,0
831,833,1.0820689199372058,TRAIN,0
832,834,1.2500607159863946,TRAIN,0
833,835,1.1303265844155843,TRAIN,0
834,836,1.51505847755102,TRAIN,1
835,837,1.169935064935065,TRAIN,0
836,838,1.5874152124999998,TRAIN,1
837,839,2.0509450095238098,TRAIN,1
838,840,1.13367706122449,TEST,0
839,841,2.225120702040816,TRAIN,1
840,842,0.9728489,TRAIN,0
841,843,0.9591957395833334,TRAIN,0
842,844,1.319166146938776,TRAIN,0
843,845,1.1789378938775512,TRAIN,0
844,846,1.0211470841836734,TRAIN,0
845,847,0.5108959981447124,TRAIN,0
846,848,1.2730639096209913,TRAIN,0
847,849,1.1328987551020409,TRAIN,0
848,850,0.8069511755952381,TEST,0
849,851,1.0103941311953353,TRAIN,0
850,852,0.7346857346938775,TRAIN,0
851,853,1.3600722193877552,TRAIN,0
852,854,1.1606132210884357,TRAIN,0
853,855,1.1362852395833332,TRAIN,0
854,856,1.1750166472868215,TRAIN,0
855,857,1.65604504664723,TRAIN,1
856,858,0.5358669739756368,TRAIN,0
857,859,0.3124959285714286,TRAIN,0
858,860,1.1775694635568514,TEST,0
859,861,0.4053956145833333,TRAIN,0
860,862,0.8718978979591836,TRAIN,0
861,863,1.1701607551020403,TRAIN,0
862,865,0.4599899897959184,TRAIN,0
863,866,0.7387298934108527,TRAIN,0
864,867,0.5300335666666667,TRAIN,0
865,868,0.6097442204081631,TRAIN,0
866,870,0.9299301989795918,TEST,0
867,871,1.080814506122449,TRAIN,0
868,872,0.6580299387755101,TRAIN,0
869,873,0.3553557751937984,TRAIN,0
870,874,0.7481089513888889,TRAIN,0
871,875,1.7914187209302324,TRAIN,1
872,876,1.475780700680272,TRAIN,0
873,877,2.182368668327796,TRAIN,1
874,878,1.76355871234208,TRAIN,1
875,879,1.6100436863233667,TRAIN,1
876,880,1.4657088724489795,TEST,0
877,881,1.546753538386783,TRAIN,1
878,882,2.3261921022517527,TRAIN,1
879,883,1.9799016205241784,TRAIN,1
880,884,2.177766204365079,TRAIN,1
881,885,2.1491063935031374,TRAIN,1
882,886,2.045316499503968,TRAIN,1
883,887,1.1809981552233295,TRAIN,0
884,888,3.0392539494655,TRAIN,1
885,889,1.82715421574344,TRAIN,1
886,890,1.8419916336248785,TEST,1
887,891,2.2009824334305157,TRAIN,1
888,892,2.6501392837706508,TRAIN,1
889,893,1.4218988678328477,TRAIN,0
890,894,2.702584326530612,TRAIN,1
891,895,2.363206745383868,TRAIN,1
892,896,2.0859166452866864,TRAIN,1
893,897,2.153767099125365,TRAIN,1
894,898,1.4945873712342077,TRAIN,0
895,899,2.0850257678110005,TRAIN,1
896,900,1.518825211856171,TEST,1
897,901,2.875940490767736,TRAIN,1
898,902,1.6088982196307096,TRAIN,1
899,903,1.283796085271318,TRAIN,0
900,904,2.410770851311953,TRAIN,1
901,905,2.878596686103013,TRAIN,1
902,906,4.636420106899903,TRAIN,1
903,907,3.492197620019436,TRAIN,1
904,908,2.0818292643343046,TRAIN,1
905,909,1.3150149761904764,TRAIN,0
906,910,2.374220341107872,TEST,1
907,911,1.3547501146744414,TRAIN,0
908,912,2.324113074829932,TRAIN,1
909,913,3.381523504373178,TRAIN,1
910,914,2.4601563658176446,TRAIN,1
911,915,2.4775095374149663,TRAIN,1
912,916,5.38992892303433,TRAIN,1
913,917,2.313231594752186,TRAIN,1
914,918,2.760890005830904,TRAIN,1
915,919,3.47537455393586,TRAIN,1
916,920,1.4856002897748244,TEST,0
917,921,1.83162038482835,TRAIN,1
918,922,2.563010257531584,TRAIN,1
919,923,2.983075238095238,TRAIN,1
920,924,3.2676077259475216,TRAIN,1
921,925,2.229806995140913,TRAIN,1
922,926,2.104058711240311,TRAIN,1
923,927,6.160228102620893,TRAIN,1
924,928,1.8106850433739388,TRAIN,1
925,929,2.197962062196308,TRAIN,1
926,930,2.386182393586006,TEST,1
927,931,2.92885871234208,TRAIN,1
928,932,2.0218962218530825,TRAIN,1
929,933,2.7931630942662777,TRAIN,1
930,934,2.3150459358600592,TRAIN,1
931,935,2.620552862001944,TRAIN,1
932,936,2.0103129097452936,TRAIN,1
933,937,2.174268652777778,TRAIN,1
934,938,2.281230884920635,TRAIN,1
935,939,1.9248515503875967,TRAIN,1
936,940,2.609574287657921,TEST,1
937,941,2.0141692711370265,TRAIN,1
938,942,2.524781337209302,TRAIN,1
939,943,3.3754198435374145,TRAIN,1
940,944,2.5368477939747325,TRAIN,1
941,945,2.586758633624879,TRAIN,1
942,946,2.4970564091350824,TRAIN,1
943,947,1.4128088872691933,TRAIN,0
944,948,2.980436895043732,TRAIN,1
945,949,1.3844515254706533,TRAIN,0
946,950,2.764590138969873,TEST,1
947,951,2.046847990033223,TRAIN,1
948,952,2.085238292727944,TRAIN,1
949,953,2.849951749271137,TRAIN,1
950,954,2.440311096209913,TRAIN,1
951,955,2.696598994169096,TRAIN,1
952,956,3.44097996031746,TRAIN,1
953,957,2.754841148688046,TRAIN,1
954,958,2.513094984311554,TRAIN,1
955,959,1.1868781210778885,TRAIN,0
956,960,2.781107479105928,TEST,1
957,961,2.394096782945737,TRAIN,1
958,962,1.6159685403061224,TRAIN,1
959,963,1.837773978405316,TRAIN,1
960,964,3.0486393740079367,TRAIN,1
961,965,3.5238887201166187,TRAIN,1
962,966,3.2087805976676385,TRAIN,1
963,967,2.346531167152575,TRAIN,1
964,968,1.696398298347911,TRAIN,1
965,969,1.6364281782945735,TRAIN,1
966,970,2.5998811213151933,TEST,1
967,971,1.961545830612245,TRAIN,1
968,972,3.204361717423404,TRAIN,1
969,973,2.707674032738096,TRAIN,1
970,974,2.392991343051506,TRAIN,1
971,975,2.4624254801288936,TRAIN,1
972,976,1.5609868785228378,TRAIN,1
973,977,3.090160176264304,TRAIN,1
974,978,1.327323557585825,TRAIN,0
975,979,2.106466731778426,TRAIN,1
976,980,1.7555261295681066,TEST,1
977,981,3.456070137026239,TRAIN,1
978,982,2.6333697269193395,TRAIN,1
979,983,2.518851829931973,TRAIN,1
980,984,2.744565283770651,TRAIN,1
981,985,1.813914958211856,TRAIN,1
982,986,2.112431151603499,TRAIN,1
983,987,1.6184454703595723,TRAIN,1
984,988,2.962493666666666,TRAIN,1
985,989,2.556669210884354,TRAIN,1
986,990,2.039617541302235,TEST,1
987,991,1.756263743440233,TRAIN,1
988,992,1.5629417490079367,TRAIN,1
989,993,2.3892253284742475,TRAIN,1
990,994,2.5720209669582124,TRAIN,1
991,995,1.534796050595238,TRAIN,1
992,996,2.417374849368319,TRAIN,1
993,997,3.319745855199224,TRAIN,1
994,998,2.221906595724004,TRAIN,1
995,999,1.5316905537098562,TRAIN,1
996,1000,2.071257113702624,TEST,1
997,1001,2.101901296404276,TRAIN,1
998,1002,3.717002030126336,TRAIN,1
999,1003,2.1624862235179783,TRAIN,1
1000,1004,2.1343384101069,TRAIN,1
1001,1005,2.49128408260447,TRAIN,1
1002,1006,2.8050706219630714,TRAIN,1
1003,1007,2.860694104956268,TRAIN,1
1004,1008,3.648182986394557,TRAIN,1
1005,1009,1.9440072478134116,TRAIN,1
1006,1010,3.620571213799805,TEST,1
1007,1011,2.658179549076774,TRAIN,1
1008,1012,1.904987948493684,TRAIN,1
1009,1013,2.989381859086492,TRAIN,1
1010,1014,3.154097053449952,TRAIN,1
1011,1015,1.8264344645286683,TRAIN,1
1012,1016,2.937049246841593,TRAIN,1
1013,1017,2.736894009718173,TRAIN,1
1014,1018,3.243554017492712,TRAIN,1
1015,1019,2.8760871030126327,TRAIN,1
1016,1020,3.1155868697764824,TEST,1
1017,1021,2.055369584062196,TRAIN,1
1018,1022,1.8454540427599613,TRAIN,1
1019,1023,2.418435597667638,TRAIN,1
1020,1024,1.9426481846452872,TRAIN,1
1021,1025,2.2307166384839654,TRAIN,1
1022,1026,1.8119659844509235,TRAIN,1
1023,1027,1.9025618134110789,TRAIN,1
1024,1028,2.775446044703596,TRAIN,1
1025,1029,2.868976673469388,TRAIN,1
1026,1030,1.0588515697674417,TEST,0
1027,1031,1.8664346929057336,TRAIN,1
1028,1032,2.476054404275996,TRAIN,1
1029,1033,2.212893161321672,TRAIN,1
1030,1034,2.877725718172984,TRAIN,1
1031,1035,3.4508340758017493,TRAIN,1
1032,1036,3.4957156268221574,TRAIN,1
1033,1037,1.3541235724003886,TRAIN,0
1034,1038,1.863972847475832,TRAIN,1
1035,1039,2.5172752526724977,TRAIN,1
1036,1040,2.441652382896016,TEST,1
1037,1041,3.537538039844509,TRAIN,1
1038,1042,2.3686761924198247,TRAIN,1
1039,1043,2.94712874829932,TRAIN,1
1040,1044,1.4125465942460316,TRAIN,0
1041,1045,2.048266413994169,TRAIN,1
1042,1046,2.4653605102040816,TRAIN,1
1043,1047,2.688799919339164,TRAIN,1
1044,1048,3.0213554227405246,TRAIN,1
1045,1049,2.200276560738581,TRAIN,1
1046,1050,2.2205370030612244,TEST,1
1047,1051,2.371391580174927,TRAIN,1
1048,1052,2.426222194444444,TRAIN,1
1049,1053,1.624280182701652,TRAIN,1
1050,1054,3.260857592808552,TRAIN,1
1051,1055,2.1233186112730813,TRAIN,1
1052,1056,2.6898101992225465,TRAIN,1
